{
  "project_info": {
    "project_number": "853616286376",
    "project_id": "gestao-de-estoque-3b1b1",
    "storage_bucket": "gestao-de-estoque-3b1b1.appspot.com"
  },
  "client": [
    {
      "client_info": {
        "mobilesdk_app_id": "1:853616286376:android:21c47b20cc656b1008009d",
        "android_client_info": {
          "package_name": "com.example.calculadora"
        }
      },
      "oauth_client": [],
      "api_key": [
        {
          "current_key": "AIzaSyB0Bx7hcHicwkYlL8a3eHnPcAlvmk24vv8"
        }
      ],
      "services": {
        "appinvite_service": {
          "other_platform_oauth_client": []
        }
      }
    }
  ],
  "configuration_version": "1"
}